{"train_loss": [0.04349471462695971, 0.025184966765206457, 0.017403051242181236, 0.012765228325998402, 0.009334985577624478], "train_acc": [73.8105192741868, 85.14925997156953, 90.00752571285224, 92.75022995233715, 95.00794380801071], "test_loss": [0.031724392287531156, 0.02077196685456282, 0.017224504007203507, 0.013295174952845795, 0.010805642402855295], "test_acc": [80.50277696579947, 88.1613563285589, 89.79830458930138, 92.25372698041508, 93.1598947676118]}