{"train_loss": [0.054314451163349785, 0.029628704194310008, 0.02133820660272757, 0.0157089738240066, 0.011901499015139014], "train_acc": [68.23312986035621, 82.95007943808011, 88.15118320929844, 91.28689689773393, 93.4526298185467], "test_loss": [0.09570211151849453, 0.03641844646299018, 0.033940846410799676, 0.0685567374641195, 0.024238643130422014], "test_acc": [81.35048231511254, 88.10289389067525, 88.04443145279159, 91.66910260157849, 92.01987722888045]}