{"train_loss": [0.0480534445744552, 0.01619515915377372, 0.010769170821797082, 0.008420303321889496, 0.006773130847349077], "train_acc": [79.36282297850991, 92.6331633079689, 94.94104858265742, 95.61836273935948, 96.64687682916632], "test_loss": [0.020368305073865358, 0.011073075890981011, 0.00811064650664785, 0.00815087394014075, 0.006532073415134149], "test_acc": [90.00292312189418, 94.50453083893598, 95.73224203449284, 95.93686056708565, 96.95995323004969]}