{"train_loss": [0.028544363276276793, 0.012180366140388208, 0.008654807970249884, 0.006840960718087029, 0.005546190555482568], "train_acc": [86.4955263818045, 93.33556317417845, 95.57655322351367, 96.27895308972322, 97.14022911614684], "test_loss": [0.011569250426212969, 0.023153015315201645, 0.007523470097941501, 0.005626992499373458, 0.008648697028967811], "test_acc": [94.88453668517977, 87.34288219818767, 96.34609763227127, 97.33995907629348, 95.81993569131832]}