{"train_loss": [0.0670522305591418, 0.03947957448623324, 0.022838783101772512, 0.01766000083070683, 0.014005568408608114], "train_acc": [60.36457897817543, 76.24383309641274, 87.2313738606907, 90.14967806672799, 92.06455389246592], "test_loss": [0.05720719390185874, 0.02695319943132194, 0.020314252727088682, 0.012552351226120343, 0.011148385793674118], "test_acc": [65.41946799181525, 83.7474422683426, 87.51826951183864, 93.07220111078632, 93.86144402221572]}