{"train_loss": [0.05580283246123877, 0.01852222211051208, 0.011959806363975133, 0.008944038758723334, 0.006441782791246464], "train_acc": [69.04423446776487, 89.98244000334476, 93.63659168826825, 95.34241993477715, 96.63851492599716], "test_loss": [0.02290124408911627, 0.013555854790890576, 0.015497669211712124, 0.009168477539213751, 0.007391487311673109], "test_acc": [88.13212510961706, 92.89681379713534, 91.14294066062554, 95.2060800935399, 95.90762934814381]}