{"train_loss": [0.04964761762816787, 0.03003625784049675, 0.02300085074460091, 0.017833722398795257, 0.014361198204752916], "train_acc": [71.38556735513002, 82.39819382891547, 86.32828831842127, 89.35529726565767, 91.70499205619198], "test_loss": [0.02814885725650269, 0.022473041862205816, 0.020622430532600093, 0.017620825500017073, 0.01780399332627179], "test_acc": [82.75358082432038, 86.96287635194388, 88.07366267173342, 89.79830458930138, 90.61677871967261]}