{"train_loss": [0.047418708123206886, 0.020891756294093494, 0.015706866857021714, 0.0126243223585232, 0.011343746631739869, 0.00924773568197681, 0.008639629541927667, 0.006942240270112046, 0.006790368213192986, 0.0057196215519279385], "train_acc": [87.97558324274605, 94.556401036876, 95.95283886612593, 96.76394347353458, 97.08169579396271, 97.66702901580399, 97.73392424115728, 98.16874320595367, 98.11020988376954, 98.46977172004348], "test_loss": [0.02018202552397661, 0.021502301590481773, 0.012728996261636063, 0.008769745154267363, 0.013433413865219693, 0.007429866810960916, 0.005258642494540269, 0.009969721316925919, 0.007010255461478798, 0.006438094966762648], "test_acc": [94.65068693364513, 95.29377375036539, 96.95995323004969, 98.07073954983923, 96.43379128909676, 98.45074539608302, 98.80152002338498, 97.22303420052616, 98.39228295819936, 98.626132709734]}