{"train_loss": [0.05408229074923029, 0.029804382425258565, 0.020723051583351266, 0.014973070381986616, 0.011494946328370807], "train_acc": [67.53909189731583, 82.73266995568191, 87.62438330964127, 91.62137302450037, 93.51952504389999], "test_loss": [0.03014246290955269, 0.022875557572751566, 0.03886009027075607, 0.011436853007089758, 0.009380589080857397], "test_acc": [81.26278865828705, 86.99210757088571, 74.30575855013154, 93.77375036539024, 94.8260742472961]}